{
    "timestamp": "2025-03-23T06:42:54.376372",
    "bill_length_mm": 49.768358009041414,
    "bill_depth_mm": 15.207950439917802,
    "flipper_length_mm": 190.64758565247874,
    "body_mass_g": 4140.519429191219,
    "predicted_species": "Chinstrap"
}