{
    "timestamp": "2025-03-22T06:42:39.484750",
    "bill_length_mm": 49.33020966619616,
    "bill_depth_mm": 14.06111678034523,
    "flipper_length_mm": 191.71609291680966,
    "body_mass_g": 3810.510584004772,
    "predicted_species": "Chinstrap"
}