{
    "timestamp": "2025-04-04T06:46:05.244297",
    "bill_length_mm": 31.967078415533656,
    "bill_depth_mm": 19.525174734730875,
    "flipper_length_mm": 197.33454157533185,
    "body_mass_g": 4712.710436355916,
    "predicted_species": "Adelie"
}