{
    "timestamp": "2025-03-19T18:20:56.535407",
    "bill_length_mm": 44.02125281740061,
    "bill_depth_mm": 17.225737253195568,
    "flipper_length_mm": 199.79517940983658,
    "body_mass_g": 5374.903946706848,
    "predicted_species": "Adelie"
}